id,name,fileUri,mimeType,analyze_image
1po3hC1yth5WRcN3ZTg-ZkbHFNmCPvlE6,woman_bloger,https://generativelanguage.googleapis.com/v1beta/files/f2ufso7d3zn4,image/jpeg,"Please note: I can analyze the image you provided to describe the objects and their potential uses. However, I cannot infer specific brand names, model numbers, or provide precise dimensions without explicit information. My analysis will focus on what is visually apparent and commonly understood about such items.

---

## Product Image Analysis for Advertising Purposes

This image features a young woman in what appears to be a home kitchen setting, with a focus on a few distinct items on a wooden table. The primary products we can analyze for advertising are the **glass carafe with a cork stopper** and the **drinking glasses**.

### DETAILED PRODUCT DESCRIPTION:

**Product 1: Glass Carafe with Cork Stopper**

*   **Exact Product Type, Category, and Subcategory:**
    *   Type: Beverage Carafe / Water Pitcher
    *   Category: Kitchenware / Home Goods
    *   Subcategory: Drinkware Accessories / Tableware
*   **Brand Name, Model, and Any Visible Text/Logos:**
    *   No visible brand name, model, or text on the carafe itself.
*   **Precise Colors, Materials, Textures, and Finishes:**
    *   **Color:** Clear, transparent glass. The cork stopper is a natural, light brown with a slightly textured surface.
    *   **Materials:** High-quality, clear glass (likely soda-lime glass or borosilicate glass for durability and thermal resistance). Natural cork for the stopper.
    *   **Textures:** The glass is smooth and polished. The cork has a slightly porous and organic texture.
    *   **Finishes:** The glass has a high-gloss, reflective finish. The cork stopper is matte.
*   **Detailed Shape, Size Proportions, and Design Elements:**
    *   **Shape:** The carafe has a distinctive, somewhat bulbous or teardrop-like body, tapering to a narrow neck. The base is wide, providing stability. The handle appears to be integrated into the body of the carafe, creating a smooth, ergonomic design. The overall silhouette is modern and elegant.
    *   **Size Proportions:** Based on its placement next to drinking glasses and its position on the table, it appears to be a medium-sized carafe, likely holding around 1 to 1.5 liters. Its proportions are balanced, with the body making up the majority of its volume and the neck being relatively slender.
    *   **Design Elements:** The integrated handle is a key design feature, offering a seamless look. The rounded, organic shape of the body is aesthetically pleasing. The natural cork stopper adds an eco-friendly and artisanal touch, contrasting with the modern glass.
*   **All Visible Features, Buttons, Parts, and Components:**
    *   **Body:** Transparent glass container.
    *   **Neck:** Narrow opening designed for pouring.
    *   **Stopper:** Cylindrical or slightly tapered cork insert that fits snugly into the neck.
    *   **Handle:** An integrated loop or extension of the glass body, designed for comfortable gripping and pouring.
*   **Quality Indicators and Craftsmanship Details:**
    *   The clarity and uniformity of the glass suggest good manufacturing quality.
    *   The seamless integration of the handle indicates a well-executed molding process.
    *   The snug fit of the cork stopper implies a well-matched design and potentially a good seal.
    *   The overall aesthetic communicates a sense of thoughtful design and durability.

**Product 2: Drinking Glasses**

*   **Exact Product Type, Category, and Subcategory:**
    *   Type: Drinking Glasses / Tumblers
    *   Category: Kitchenware / Home Goods
    *   Subcategory: Drinkware
*   **Brand Name, Model, and Any Visible Text/Logos:**
    *   No visible brand name, model, or text on the glasses.
*   **Precise Colors, Materials, Textures, and Finishes:**
    *   **Color:** Clear, transparent glass.
    *   **Materials:** High-quality, clear glass.
    *   **Textures:** Smooth, polished glass surface.
    *   **Finishes:** High-gloss, reflective finish.
*   **Detailed Shape, Size Proportions, and Design Elements:**
    *   **Shape:** The glasses appear to be simple tumblers with straight or slightly tapered sides. One glass shows clear liquid with bubbles, suggesting it's filled with water or a carbonated beverage. The other glass is partially visible but appears to be of a similar design.
    *   **Size Proportions:** They seem to be standard-sized drinking glasses, suitable for water, juice, or other beverages.
    *   **Design Elements:** Minimalist and classic design, focusing on functionality and clarity.
*   **All Visible Features, Buttons, Parts, and Components:**
    *   **Body:** Transparent glass cylinder.
    *   **Rim:** The top edge of the glass.
*   **Quality Indicators and Craftsmanship Details:**
    *   The clarity of the glass and the evenness of the rim suggest good quality.
    *   The presence of bubbles in the filled glass indicates it's being used for a beverage, highlighting its practical function.

### MULTIPLE USE CASES & SCENARIOS:

**Glass Carafe with Cork Stopper:**

1.  **Everyday Hydration at Home:** Serving chilled water from the refrigerator to the dining table or kitchen counter. Perfect for keeping water fresh and easily accessible throughout the day.
    *   *Environment:* Kitchen, dining room, living room.
    *   *User Scenario:* Family meals, personal hydration, hosting guests.
    *   *Seasonal Application:* Year-round, especially refreshing during warmer months.
2.  **Infused Water Preparation:** Adding fruits, herbs, or vegetables to water for a healthy and flavorful beverage. The clear glass showcases the vibrant colors of the infusions.
    *   *Environment:* Kitchen counter, bedside table, home office.
    *   *User Scenario:* Health-conscious individuals, those seeking natural flavor enhancement.
    *   *Creative Use:* Can be used to prepare iced tea or cold brew coffee.
3.  **Elegant Entertaining:** Serving wine, sangria, or homemade cocktails from the carafe during parties or intimate gatherings. The sophisticated design elevates the presentation.
    *   *Environment:* Dining room, living room, patio.
    *   *User Scenario:* Hosting dinner parties, celebrations, casual get-togethers.
    *   *Professional Use:* Suitable for upscale home dinners or small catering events.
4.  **Beverage Storage:** Keeping pre-made drinks like fresh juices, lemonade, or iced tea in the refrigerator. The cork stopper helps maintain freshness and prevent odors from other foods.
    *   *Environment:* Refrigerator.
    *   *User Scenario:* Meal prepping, keeping beverages ready for busy schedules.
5.  **Decorative Accent:** Even when empty, the carafe can serve as a stylish decorative piece on a kitchen counter, shelf, or sideboard, adding a touch of modern minimalism.
    *   *Environment:* Kitchen, dining room, living room, entryway.
    *   *User Scenario:* Home decor enthusiasts, those who appreciate functional art.
6.  **Non-Beverage Use (Creative):** Used as a vase for a single stem flower or a small bouquet, showcasing its elegant form. It could also hold decorative stones or sand for a minimalist display.
    *   *Environment:* Any room requiring a touch of decor.
    *   *User Scenario:* Interior designers, DIY decorators.
7.  **Camping or Picnic Essential:** A durable and stylish way to transport and serve beverages outdoors, especially with the secure cork stopper.
    *   *Environment:* Outdoors – picnic sites, campsites, hiking trails.
    *   *User Scenario:* Outdoor enthusiasts, picnickers.

**Drinking Glasses:**

1.  **Daily Water Consumption:** The primary use for staying hydrated throughout the day.
2.  **Serving Meals:** Complementing any meal by providing a vessel for water, juice, or other beverages.
3.  **Coffee or Tea Service:** Suitable for iced coffee, iced tea, or even hot beverages if made from heat-resistant glass.
4.  **Juice and Smoothies:** Perfect for enjoying morning juices or blended smoothies.
5.  **Alcoholic Beverages:** Can be used for spirits, mixed drinks, or wine.
6.  **Kids' Drinks:** A safe and shatter-resistant option for children (compared to heavier glassware).

### LIFESTYLE INTEGRATION:

**Glass Carafe with Cork Stopper:**

*   **Daily Routines:** It seamlessly integrates into the morning routine by being filled with fresh water. It sits on the counter or bedside table, encouraging consistent hydration. It's used during mealtimes and available throughout the day.
*   **Social Situations:** A carafe of water or infused water is a welcoming gesture when guests arrive. It enhances the aesthetic of a laid-back brunch, a formal dinner, or a casual evening get-together.
*   **Activities and Hobbies:** Complements a healthy lifestyle, yoga, fitness, and wellness routines. It's ideal for individuals who enjoy cooking, mixology, or simply appreciate beautiful homeware.
*   **Age Groups and Demographics:** Appeals to young adults and adults who value health, style, and sustainability. It's suitable for individuals living alone, couples, and families. Those with a modern or minimalist aesthetic would particularly appreciate it.
*   **Lifestyle Values:** Represents **convenience** (easy to fill and pour), **health and wellness** (encourages water intake, allows for infusions), **style and elegance** (enhances presentation), and **sustainability** (reusable, cork stopper is natural).

**Drinking Glasses:**

*   **Daily Routines:** Essential for every meal and throughout the day for hydration.
*   **Social Situations:** Used in virtually any social gathering where beverages are served.
*   **Activities and Hobbies:** Supports any activity requiring hydration.
*   **Age Groups and Demographics:** Universal appeal across all age groups.
*   **Lifestyle Values:** Represents **functionality**, **practicality**, and **everyday necessity**.

### TARGET CONTEXTS:

**For the Glass Carafe with Cork Stopper:**

*   **Specific Locations for Product Placement in Ads:**
    *   On a well-lit kitchen island or countertop, adjacent to fresh produce or herbs.
    *   On a beautifully set dining table, perhaps with a gourmet meal or a cheese board.
    *   On a minimalist wooden coffee table in a bright living room, with a book and a cozy throw.
    *   On a sleek home office desk, emphasizing productivity and well-being.
    *   In an outdoor setting – a picnic blanket with a basket of food, or on a patio table during a sunset.
*   **Complementary Objects or Tools:**
    *   Fresh fruits (lemons, limes, berries) and herbs (mint, rosemary) for infusion.
    *   A stylish coaster.
    *   A beautiful set of matching drinking glasses.
    *   A sleek fruit bowl or a small vase with a single flower.
    *   A premium tea set or coffee maker.
    *   A set of kitchen knives or culinary tools, if placed in a cooking context.
*   **Background Settings:**
    *   A clean, modern kitchen with natural light and subtle textures.
    *   A minimalist dining room with clean lines.
    *   A bright, airy living space with natural materials like wood and linen.
    *   A serene outdoor setting with greenery and natural light.
*   **Lighting Conditions:**
    *   **Soft, natural light:** This is ideal for highlighting the clarity of the glass and the natural texture of the cork. It creates a warm, inviting, and sophisticated ambiance.
    *   **Backlighting:** Can be used to emphasize the transparency of the glass and create a subtle glow, especially if the carafe is filled with liquid or infused water.
    *   **Golden hour lighting:** For outdoor or lifestyle shots, the warm, soft light of sunrise or sunset can add an aspirational and cozy feel.

**For the Drinking Glasses:**

*   **Specific Locations for Product Placement in Ads:**
    *   At each place setting on a dining table.
    *   Clustered together on a kitchen counter, ready for use.
    *   In hand, as part of a lifestyle shot showcasing enjoyment.
    *   Next to a bedside table for nighttime hydration.
*   **Complementary Objects or Tools:**
    *   The carafe, as shown in the original image.
    *   Ice bucket and tongs.
    *   A selection of beverages (water bottle, juice carton, wine bottle).
    *   Food items relevant to the meal or occasion.
*   **Background Settings:**
    *   Any home environment – kitchen, dining room, living room.
    *   Restaurant or cafe settings for a professional context.
    *   Outdoor picnic or BBQ scenes.
*   **Lighting Conditions:**
    *   **Bright, clear light:** To showcase the transparency and shine of the glass.
    *   **Reflective lighting:** To highlight the smooth surfaces and any subtle details in the glass.

By combining these products and presenting them in aspirational settings with appropriate lighting, advertising campaigns can effectively highlight their aesthetic appeal, functionality, and how they contribute to a stylish and healthy lifestyle. The **carafe**, in particular, offers significant potential for demonstrating versatility and elevating everyday routines."
1-Hvg2PbU0O1uYzB6ZqxQQIKyDpZr9IYj,ded_v_oshk,https://generativelanguage.googleapis.com/v1beta/files/dte5atd6uarm,image/jpeg,"This image depicts a skilled artisan engaged in woodworking, highlighting the tools and the environment of a craftsman at work. While there isn't a single ""product"" in the traditional sense to describe with brand names and model numbers, the image is rich with elements that can be leveraged for advertising purposes related to woodworking, tools, and the lifestyle of a craftsperson.

Here's a detailed analysis for advertising:

## DETAILED PRODUCT DESCRIPTION (Conceptual Product: Woodworking Tools & Craftsmanship)

*   **Exact Product Type, Category, and Subcategory:**
    *   **Product Type:** Hand Tools for Woodworking, Personal Protective Equipment (PPE), Workshop Ambiance/Setting.
    *   **Category:** Craftsmanship, DIY, Professional Trades, Safety Equipment.
    *   **Subcategory:** Wood Carving Tools, Chisels, Safety Goggles, Workwear.

*   **Brand Name, Model, and any Visible Text/Logos:**
    *   No specific brand names, model numbers, or logos are visible on any of the tools or the individual's attire. This allows for broad applicability in advertising without being tied to a particular brand. The focus is on the archetype of the craft.

*   **Precise Colors, Materials, Textures, and Finishes:**
    *   **Colors:** Dominantly warm, earthy tones. Rich browns of wood, muted grays and beiges of the craftsman's shirt and cap, clear lenses of the goggles, and metallic tones of the tool blades. The overall palette evokes a sense of natural materials and weathered authenticity.
    *   **Materials:**
        *   **Tools:** Wood handles (likely hardwoods like beech or walnut, with a smooth, polished finish), metal blades (steel, appearing sharp and well-maintained).
        *   **PPE:** Plastic/polycarbonate lenses for the goggles, with adjustable straps that appear to be fabric or elastic with plastic adjusters.
        *   **Clothing:** Fabric shirt (appears to be a durable cotton or linen blend, with a subtle pinstripe texture), fabric cap.
        *   **Workshop:** Raw wood shelves, wooden workbenches, wooden boxes/containers.
    *   **Textures:** Rough, splintered wood shavings scattered on the workbench and in the air, suggesting active work. The smooth, worn texture of the wooden tool handles. The slightly reflective, clear texture of the safety goggles. The woven texture of the craftsman's shirt.
    *   **Finishes:** The wood handles of the tools have a natural, possibly oiled or waxed, finish that showcases the grain. The metal of the tool blades is polished and sharp. The goggles have a clear, functional finish.

*   **Detailed Shape, Size Proportions, and Design Elements:**
    *   **Tools:**
        *   **Chisels:** Varying widths, with distinct bevels on the blades. The handles are ergonomically shaped for grip and control. The overall proportions suggest standard woodworking chisel sizes, suitable for detailed work.
        *   **Carving Tool:** A smaller, more delicate tool with a sharp, pointed blade, suggesting precision carving or detailing.
    *   **PPE:**
        *   **Safety Goggles:** Large, wrap-around style designed for maximum eye protection. They have an adjustable strap with a buckle mechanism for a secure fit. The clear lenses are prominent.
    *   **Craftsman:**
        *   **Face:** Aged, with visible wrinkles suggesting experience and a life dedicated to craft. A prominent white beard, adding to the image of a seasoned artisan.
        *   **Hands:** Strong, weathered, with visible veins, indicating manual labor and skill. The grip on the tool is confident and steady.
    *   **Design Elements:** The focus is on functional, ergonomic design. The tools are clearly made for purpose, and the safety gear is practical. The overall aesthetic is one of timeless utility and skilled craftsmanship.

*   **All Visible Features, Buttons, Parts, and Components:**
    *   **Tools:** Blades (various shapes and sizes), handles (ergonomically contoured).
    *   **PPE:** Lenses, frame, adjustable head strap, adjustment mechanism on the strap.
    *   **Clothing:** Shirt collar, buttons on the shirt, stitching details, cap band, vent holes on the cap.
    *   **Workshop:** Shelves, workbench surface, wooden components of the workshop structure, various other woodworking tools and components (partially obscured on shelves and workbench).

*   **Quality Indicators and Craftsmanship Details:**
    *   **Sharpness of Tools:** Implied by the wood shavings and the act of carving.
    *   **Worn but Well-Maintained Handles:** The smooth, polished texture of the wooden handles suggests they are well-loved and cared for, indicating longevity and quality.
    *   **Secure Fit of Goggles:** The adjustable strap and the way they sit on the craftsman's face suggest a reliable and comfortable fit, crucial for safety.
    *   **Focused Concentration:** The artisan's intense gaze and precise hand movements are strong indicators of skill and dedication to their craft.
    *   **Cleanliness of the Workspace (relative):** Despite the active presence of wood shavings, the organized shelves and the clear visibility of the tools suggest a well-managed and professional workspace, even if it's a personal one.

## MULTIPLE USE CASES & SCENARIOS

This image, while focusing on a specific scene, can be used to advertise a broad range of products and services.

1.  **Woodworking Tools (Hand Tools):**
    *   **Use:** Advertising high-quality chisels, carving knives, gouges, and other hand tools for detailed woodworking, sculpture, or model making.
    *   **Environment:** Workshop, studio, home DIY space.
    *   **User Scenario:** A hobbyist spending their weekend refining a wooden figurine, a professional woodworker meticulously crafting intricate details on furniture.
    *   **Seasonal/Situational:** Ideal for promoting tools during holiday gift-giving seasons for DIY enthusiasts or as a general all-year-round product for serious craftspeople.
    *   **Professional vs. Personal:** Both professional woodcarvers and dedicated home DIYers would be drawn to the image of expert craftsmanship.
    *   **Creative Use:** Showcasing the tools that enable the creation of heirloom pieces or artistic expressions.

2.  **Personal Protective Equipment (Safety Goggles):**
    *   **Use:** Advertising safety goggles for woodworking, metalworking, DIY projects, or any activity that poses a risk of flying debris or dust.
    *   **Environment:** Workshop, garage, construction site, laboratory, even for certain outdoor activities like yard work or power tool use.
    *   **User Scenario:** A father teaching his child woodworking safety, a DIYer undertaking a home renovation project, a professional tradesperson on a job site.
    *   **Seasonal/Situational:** Essential for any project involving power tools or dust creation, making it relevant year-round.
    *   **Professional vs. Personal:** Highly relevant for both. Professionals need robust safety gear; personal users are increasingly aware of safety.
    *   **Creative Use:** Emphasizing the ""guardian of your vision"" aspect, allowing you to focus on your work without worry.

3.  **Woodworking Classes/Workshops:**
    *   **Use:** Promoting enrollment in woodworking classes, carving workshops, or DIY courses.
    *   **Environment:** A dedicated workshop space for learning, community centers, maker spaces.
    *   **User Scenario:** Individuals seeking to learn a new skill, aspiring furniture makers, people looking for a creative outlet.
    *   **Seasonal/Situational:** Great for ""new year, new skill"" campaigns or summer/fall workshop offerings.
    *   **Professional vs. Personal:** Primarily personal, for hobbyists and learners.
    *   **Creative Use:** Positioning learning woodworking as a path to discovering one's inner artisan and creating tangible results.

4.  **Quality Workwear/Apparel:**
    *   **Use:** Advertising durable, comfortable, and practical work shirts, caps, or aprons suitable for workshop environments.
    *   **Environment:** Workshop, garage, outdoor work settings.
    *   **User Scenario:** Anyone who works with their hands and needs clothing that can withstand the rigors of their tasks.
    *   **Seasonal/Situational:** Year-round utility for anyone engaged in hands-on work.
    *   **Professional vs. Personal:** Applicable to both tradespeople and serious hobbyists.
    *   **Creative Use:** Highlighting the aesthetic of the seasoned craftsperson – rugged yet refined.

5.  **Workshop Organization & Furniture:**
    *   **Use:** Advertising sturdy workbenches, shelving units, tool chests, or storage solutions designed for workshops.
    *   **Environment:** A well-organized workshop space.
    *   **User Scenario:** Individuals looking to optimize their workspace for efficiency and safety.
    *   **Seasonal/Situational:** Spring cleaning or organizational drives.
    *   **Professional vs. Personal:** Both professional shops and home garages can benefit.
    *   **Creative Use:** Showing how good organization can elevate the craft and inspire creativity.

6.  **DIY and Home Improvement Brands:**
    *   **Use:** As a general image to evoke the spirit of DIY, craftsmanship, and hands-on creation for a wider range of DIY products, even those not directly woodworking related.
    *   **Environment:** Home, garage, workshop.
    *   **User Scenario:** Anyone embarking on a DIY project, from building a birdhouse to tackling a home renovation.
    *   **Seasonal/Situational:** Popular during seasons when home improvement projects are common (spring, summer).
    *   **Professional vs. Personal:** Strongly leaning towards personal/hobbyist DIY.
    *   **Creative Use:** Connecting the image of a master craftsman to the aspiration of the home DIYer.

7.  **Artisan Food/Beverage Brands (Thematic Association):**
    *   **Use:** For brands that want to associate themselves with heritage, quality, and skilled craftsmanship. This could include craft beers, artisanal spirits, or even high-quality coffee brands.
    *   **Environment:** A warm, rustic setting, perhaps a brewery or a cozy home.
    *   **User Scenario:** Enjoying a moment of relaxation after a productive session of work or creativity.
    *   **Seasonal/Situational:** Particularly effective for fall or winter campaigns.
    *   **Professional vs. Personal:** More personal, reflecting appreciation for well-made goods.
    *   **Creative Use:** Positioning the product as a reward for dedication and hard work, or as an accompaniment to a thoughtful, hands-on lifestyle.

## LIFESTYLE INTEGRATION

This image is a powerful representation of a particular lifestyle.

*   **How it fits into daily routines:** For a dedicated woodworker, this scene could be a daily or weekly ritual. It represents a commitment to a passion, a mindful practice that offers respite from the demands of everyday life. It could be the quiet morning hours, the dedicated afternoon, or the peaceful evening spent in the workshop.
*   **Social situations where it would be used:** While woodworking is often a solitary pursuit, the *results* of such craftsmanship can be shared. Tools themselves can be passed down as heirlooms. The completed pieces (furniture, art, gifts) are central to social interactions – dinner parties, gift exchanges, home decor displays. Advertising could show the artisan presenting a finished piece.
*   **Activities and hobbies it complements:** Woodworking directly complements hobbies like:
    *   **Sculpture and Art:** Creating wooden art pieces.
    *   **Model Building:** Crafting intricate scale models.
    *   **Restoration:** Reviving antique furniture.
    *   **Home Decorating:** Building custom shelves, frames, or decorative items.
    *   **DIY Home Improvement:** Building, repairing, or customizing parts of the home.
    *   **Instrument Making/Repair:** Crafting or maintaining musical instruments.
*   **Age groups and demographics who would benefit:**
    *   **Older Adults:** Retirement hobby, passing down skills, physical activity.
    *   **Middle-Aged Adults:** Stress relief, creative outlet, home improvement.
    *   **Younger Adults/Millennials/Gen Z:** Experiential learning, desire for tangible skills, appreciation for sustainable/handmade goods, DIY culture.
    *   **Anyone with an interest in craft, DIY, or creating with their hands.**
*   **Lifestyle values it represents:**
    *   **Skill and Mastery:** The dedication to honing a craft.
    *   **Patience and Perseverance:** The time and effort required for detailed work.
    *   **Authenticity and Tradition:** Connecting with time-tested skills.
    *   **Self-Sufficiency and Independence:** Creating something valuable with one's own hands.
    *   **Mindfulness and Focus:** The meditative aspect of concentrated work.
    *   **Quality and Durability:** A preference for well-made, long-lasting items.
    *   **Safety and Responsibility:** The proactive use of protective gear.

## TARGET CONTEXTS

To maximize advertising potential, consider these contexts:

*   **Specific locations for product placement in ads:**
    *   **Magazine Ads:** In publications focused on home improvement, DIY, crafts, interior design, or lifestyle.
    *   **Online Banners/Social Media:** On websites related to tools, DIY, maker culture, or woodworking forums.
    *   **Video Content:** As a lead-in or background imagery for tutorials, product reviews, or brand storytelling videos.
    *   **Product Packaging:** For tool sets or safety equipment, this image could inspire the design or be featured on premium packaging.
    *   **In-Store Displays:** To create an aspirational atmosphere in hardware stores or specialty tool shops.

*   **Complementary objects or tools that go with it:**
    *   **Adjacent to featured tools:** If advertising a specific chisel, show it alongside other chisels, mallets, or a sharpening stone.
    *   **Contextual items:** Wood blanks, finished pieces (a carved bowl, a small furniture item), measuring tapes, squares, pencils, work gloves.
    *   **Workshop essentials:** Dust collection systems, bench vises, work lamps, sanders.

*   **Background settings that would enhance its appeal:**
    *   **Rustic Workshop:** A slightly cluttered but organized workshop filled with wood, tools, and natural light streaming in from a window.
    *   **Clean and Modern Studio:** A more minimalist setting that highlights the tools and the precision of the work.
    *   **Cozy Home Corner:** A dedicated crafting space within a home, showcasing how woodworking can be integrated into domestic life.
    *   **Outdoors (with safety in mind):** For certain tools or PPE, a safe outdoor workspace could be depicted, emphasizing versatility.

*   **Lighting conditions that show it best:**
    *   **Warm, natural light:** As seen in the original image, sunlight streaming from a window creates a golden glow, highlighting the textures of wood and dust particles in the air. This evokes a sense of authenticity and a peaceful, focused atmosphere.
    *   **Directional task lighting:** Spotlights or focused lamps on the workbench can emphasize the tools and the detail of the work being done, highlighting precision and focus.
    *   **Soft, diffused light:** Can create a more serene and artistic feel, ideal for showcasing the aesthetic qualities of woodworking.
    *   **Dust motes illuminated by light:** This is a key element in the original image that adds depth, atmosphere, and a sense of active, tactile work. It can be replicated or exaggerated for dramatic effect.

In summary, this image is a potent symbol of dedication, skill, and the tangible rewards of working with one's hands. Its adaptability allows for diverse advertising applications, focusing on the aspirational lifestyle of the artisan and the quality of the tools that enable their craft."
1Eo-pKRGJhN0vWR1DIn8TRtBQ3WbE9G8Y,wnm_iphon_blog,https://generativelanguage.googleapis.com/v1beta/files/jfmgc8ih629k,image/jpeg,"This image showcases a woman actively engaging with her smartphone, which is mounted on a tripod, suggesting she is either recording a video or live-streaming. While the primary focus is on the woman and her activity, we can analyze the surrounding elements and infer potential products and their advertising appeal.

**DETAILED PRODUCT DESCRIPTION (Inferred Products based on Visual Cues):**

*   **Smartphone:**
    *   **Exact Product Type, Category, and Subcategory:** Mobile communication device, smartphone, premium-tier.
    *   **Brand Name, Model, and any visible text/logos:** The rear camera module configuration strongly suggests an **Apple iPhone 13 Pro or iPhone 14 Pro** due to the three distinct lenses arranged in a square pattern. There is no visible Apple logo on the back in this particular shot.
    *   **Precise Colors, Materials, Textures, and Finishes:** The phone appears to be a **Gold or Rose Gold** color. The material is likely **glass and metal**, with a smooth, polished finish on the back. The frame is likely **stainless steel**. The screen appears to be a standard black bezel.
    *   **Detailed Shape, Size Proportions, and Design Elements:** It's a typical rectangular smartphone with rounded corners. The size appears to be a standard ""Pro"" model, likely around 6.1 inches. The prominent camera bump is a key design element.
    *   **All Visible Features, Buttons, Parts, and Components:** Three rear camera lenses (wide, ultra-wide, telephoto), a LiDAR scanner, a flash, and the characteristic iPhone camera housing. The volume rocker and mute switch are likely on the left side, and the power button on the right, though not clearly visible from this angle. The charging port (Lightning) would be at the bottom.
    *   **Quality Indicators and Craftsmanship Details:** The precise alignment of the camera lenses and the smooth, seamless integration of the camera housing into the phone's body suggest high-quality manufacturing and premium materials. The overall aesthetic speaks to a sleek, modern design.

*   **Tripod:**
    *   **Exact Product Type, Category, and Subcategory:** Portable smartphone tripod, mobile photography accessory.
    *   **Brand Name, Model, and any visible text/logos:** No visible brand name or model number. It appears to be a generic, compact tripod.
    *   **Precise Colors, Materials, Textures, and Finishes:** The tripod is **black**. The material appears to be **plastic**, with a matte texture on the legs and the phone mount. The legs are segmented for adjustable height.
    *   **Detailed Shape, Size Proportions, and Design Elements:** It's a compact, collapsible tripod with three adjustable legs. The phone mount is a clamp mechanism, likely spring-loaded, designed to securely hold a smartphone. The central column appears to be extendable.
    *   **All Visible Features, Buttons, Parts, and Components:** Three foldable legs, a central column, a universal smartphone clamp, and a joint for adjusting the angle of the phone.
    *   **Quality Indicators and Craftsmanship Details:** The legs appear to have a reasonable level of sturdiness. The clamping mechanism seems to be designed for a secure grip. It is a functional, practical accessory.

*   **Laptop (Partially Visible):**
    *   **Exact Product Type, Category, and Subcategory:** Portable computer, ultrabook, personal computing device.
    *   **Brand Name, Model, and any visible text/logos:** No visible brand name or model number. It appears to be a sleek, silver ultrabook.
    *   **Precise Colors, Materials, Textures, and Finishes:** The visible part of the laptop is **silver**, likely made of **aluminum** or a similar premium material, with a smooth, matte finish.
    *   **Detailed Shape, Size Proportions, and Design Elements:** It's a thin and lightweight laptop, suggested by its profile. The keyboard deck is visible.
    *   **All Visible Features, Buttons, Parts, and Components:** The keyboard is visible, with standard key layout. The trackpad is also visible.
    *   **Quality Indicators and Craftsmanship Details:** The slim profile and the apparent premium material suggest a high-quality, modern laptop.

*   **Glassware (Water Pitcher and Glasses):**
    *   **Exact Product Type, Category, and Subcategory:** Drinkware, kitchenware, serving items.
    *   **Brand Name, Model, and any visible text/logos:** No visible branding.
    *   **Precise Colors, Materials, Textures, and Finishes:** The pitcher and glasses are made of **clear glass**, with a smooth, polished texture. The pitcher has a cork stopper. The glasses have a slightly textured rim or base for visual interest.
    *   **Detailed Shape, Size Proportions, and Design Elements:** The pitcher has a distinctive, slightly curved shape with a narrow neck. The glasses are standard tumblers.
    *   **All Visible Features, Buttons, Parts, and Components:** The pitcher has a body, neck, and opening, with a cork stopper. The glasses have a rim and a base.
    *   **Quality Indicators and Craftsmanship Details:** The clarity of the glass and the elegant shape of the pitcher suggest good quality and aesthetic design. The cork stopper adds a touch of natural material and a vintage feel.

*   **Kitchenware/Decor (Background):**
    *   **Exact Product Type, Category, and Subcategory:** Kitchen accessories, decorative items.
    *   **Brand Name, Model, and any visible text/logos:** Not discernible.
    *   **Precise Colors, Materials, Textures, and Finishes:** Various materials including metal (pots/pans), wood (cutting board), and possibly ceramic or glass (shelved items). Colors are neutral and natural, fitting a kitchen environment. Textures are varied, from smooth metal to grainy wood.
    *   **Detailed Shape, Size Proportions, and Design Elements:** Standard kitchen items like pots, pans, a wooden cutting board, shelves, and what appear to be glass jars or canisters.
    *   **All Visible Features, Buttons, Parts, and Components:** Handles of pots, surfaces of shelves, various kitchen utensils.
    *   **Quality Indicators and Craftsmanship Details:** The overall presentation suggests a well-equipped and possibly curated kitchen.

**MULTIPLE USE CASES & SCENARIOS:**

1.  **Content Creation (Vlogging/Tutorials):** The most evident use. The woman is likely filming herself for a tutorial, a daily vlog, a cooking demonstration, or a beauty review. This scenario highlights the **smartphone and tripod**.
    *   **Environments:** Home kitchen, home studio, office, living room.
    *   **User Scenarios:** Influencers, content creators, hobbyists wanting to share their expertise or daily life.
    *   **Situational Applications:** Launching a new product, sharing a recipe, demonstrating a craft, unboxing items, or providing fitness guidance.
    *   **Professional vs. Personal:** Professional for paid endorsements and brand collaborations; personal for sharing hobbies and connecting with an online community.
    *   **Unconventional Uses:** Recording practice sessions for a musical instrument or public speaking, creating stop-motion animation.

2.  **Video Conferencing/Virtual Meetings:** The setup is ideal for professional video calls. The tripod ensures a stable and well-positioned camera, enhancing the professional appearance. This scenario emphasizes the **smartphone and tripod**, and indirectly the **laptop** for managing the call.
    *   **Environments:** Home office, co-working space, quiet corner at home.
    *   **User Scenarios:** Remote workers, students attending online classes, professionals participating in important business meetings.
    *   **Situational Applications:** Job interviews, client presentations, team collaborations, remote learning.
    *   **Professional vs. Personal:** Primarily professional, but also for important personal video calls.

3.  **Remote Learning/Online Courses:** Similar to video conferencing, but focused on educational content. The user can record themselves giving a lesson or participate in a virtual classroom. This highlights the **smartphone and tripod**.
    *   **Environments:** Study room, home desk, library.
    *   **User Scenarios:** Tutors, educators, students needing to present projects or participate actively.
    *   **Situational Applications:** Teaching a language, demonstrating a scientific experiment, providing art instruction.

4.  **Self-Care and Wellness:** Recording fitness routines, yoga sessions, meditation guides, or healthy recipe demonstrations. The stable setup allows for focus on form and execution. This involves the **smartphone and tripod**, and potentially the **kitchenware** for recipe content.
    *   **Environments:** Home gym, yoga studio, kitchen, bedroom.
    *   **User Scenarios:** Fitness instructors, wellness coaches, individuals committed to a healthy lifestyle.
    *   **Situational Applications:** Morning workout routine, guided meditation, healthy meal prep.

5.  **Artistic Photography/Videography:** Beyond basic vlogging, the tripod enables more stable and controlled shots for aspiring photographers or videographers. This emphasizes the **smartphone and tripod**, and the potential of the smartphone camera.
    *   **Environments:** Any location with good lighting and subject matter.
    *   **User Scenarios:** Amateur photographers, social media enthusiasts wanting high-quality visuals.
    *   **Situational Applications:** Capturing product photos, creating short films, documenting travel.

6.  **Interactive Gaming/Streaming:** While not the primary setup, some mobile gamers or streamers might use this for face-cam integration during gameplay. This uses the **smartphone and tripod**.
    *   **Environments:** Gaming setup, bedroom, living room.
    *   **User Scenarios:** Mobile gamers wanting to interact with their audience.
    *   **Situational Applications:** Live streaming a mobile game, creating gaming tutorials.

7.  **Virtual Social Gatherings:** Beyond formal meetings, this setup can be used for more casual virtual hangouts with friends and family, ensuring everyone can see and hear clearly. This involves the **smartphone and tripod**.
    *   **Environments:** Any comfortable social space at home.
    *   **User Scenarios:** Anyone wanting to connect with loved ones remotely.
    *   **Situational Applications:** Virtual birthday parties, family reunions, game nights.

**LIFESTYLE INTEGRATION:**

*   **Daily Routines:** This product setup can be easily integrated into daily routines for content creation, communication, or learning. The quick setup and portability of the tripod make it adaptable.
*   **Social Situations:** It facilitates connection and sharing in a digital world. It enables participation in virtual events, sharing of experiences, and maintaining relationships across distances.
*   **Activities and Hobbies:** It complements a wide range of hobbies, from cooking and fitness to crafting, gaming, and photography. It empowers individuals to document, teach, and share their passions.
*   **Age Groups and Demographics:**
    *   **Younger Demographics (Teens & Young Adults):** Heavily involved in social media, content creation, and online gaming.
    *   **Adults (25-55):** Use for professional communication, remote work, online learning, and sharing family moments.
    *   **Older Adults (55+):** Benefit from enhanced communication with family and friends, and potentially online learning or hobby sharing.
*   **Lifestyle Values:**
    *   **Convenience:** Easy to set up and use, making content creation or communication more accessible.
    *   **Connection:** Bridges geographical distances, fostering relationships and community.
    *   **Self-Expression:** Empowers individuals to share their thoughts, talents, and experiences.
    *   **Learning & Growth:** Facilitates access to online education and skill development.
    *   **Professionalism:** Enhances the quality of virtual interactions for work and business.
    *   **Style:** The sleek design of the iPhone and modern tripod contribute to a stylish aesthetic.

**TARGET CONTEXTS:**

*   **Specific Locations for Product Placement in Ads:**
    *   **Home Kitchen:** As seen in the image, highlighting domestic use for cooking tutorials or lifestyle vlogs.
    *   **Home Office/Desk Setup:** Demonstrating its utility for professional video calls and remote work.
    *   **Bright, Airy Living Room:** Suggesting casual content creation or virtual social gatherings.
    *   **Creative Studio Space:** Emphasizing its role in artistic or craft-related content.
    *   **Outdoor Setting (e.g., park, cafe):** Showcasing portability for on-the-go content creation.

*   **Complementary Objects or Tools that go with it:**
    *   **Ring Light or LED Panel:** For optimal lighting in content creation.
    *   **Microphone (lavalier or shotgun):** To improve audio quality.
    *   **External Battery Pack:** For extended shooting or streaming sessions.
    *   **Stylus Pen:** For digital art or note-taking on the phone/tablet.
    *   **External Hard Drive:** For storing large video files.
    *   **Good Quality Headphones:** For clear audio monitoring during calls or recording.
    *   **Smartwatch:** For easy control of phone functions or notifications.

*   **Background Settings that would enhance its appeal:**
    *   **Clean, organized workspace:** Conveys professionalism and focus.
    *   **Aesthetically pleasing home decor:** Suggests a stylish and curated lifestyle.
    *   **Natural lighting:** Enhances realism and a sense of well-being.
    *   **Elements related to the content being created:** e.g., ingredients for a cooking video, art supplies for a craft tutorial.
    *   **Subtle branding of complementary products:** Integrating other desirable items like high-end coffee makers or smart home devices.

*   **Lighting Conditions that show it best:**
    *   **Soft, diffused natural light:** Creates a flattering glow on the subject and highlights the textures of the products. This is evident in the original image, with light coming from a window.
    *   **Well-lit environment:** Ensures the phone screen is visible and the subject is clear.
    *   **Strategic use of accent lighting:** To draw attention to specific product features or create depth.
    *   **Avoidance of harsh shadows:** Especially on the face of the user, which is crucial for video calls and vlogging.

This comprehensive analysis aims to unlock the full advertising potential of the depicted scene by highlighting the versatility, lifestyle integration, and diverse applications of the visible products."
1-s2PS0Y1Z5JmNXQbkut7hE81UPod_puX,2025-09-06,https://generativelanguage.googleapis.com/v1beta/files/mv27n3g0ubkt,image/jpeg,"This image presents a compelling and unique subject that offers immense advertising potential due to its blend of traditional aesthetics and modern self-expression. While the ""product"" isn't a single inanimate object, the *persona* captured in the photograph – an elderly, tattooed East Asian woman – serves as a powerful visual product that can be leveraged across various campaigns.

---

### DETAILED PRODUCT DESCRIPTION:

**Exact Product Type, Category, and Subcategory:**
*   **Product Type:** Human Subject / Persona / Lifestyle Archetype.
*   **Category:** Cultural Representation, Fashion & Style, Body Art & Personal Expression, Senior Lifestyle.
*   **Subcategory:** Ageless Street Style, Urban Nomad, Traditional-meets-Modern Aesthetics, Tattooed Elder.

**Brand Name, Model, and Visible Text/Logos:**
*   **Brand Name/Model:** Not applicable, as this is a human subject. However, the subject *embodies* a brand of authentic, individualistic living.
*   **Visible Text/Logos:**
    *   On the T-shirt: Two distinct sets of Japanese (or Chinese) characters.
        *   The larger, more prominent characters appear to be ""伝統文化"" (Dentō Bunka in Japanese, or Chuántǒng Wénhuà in Chinese), meaning ""Traditional Culture.""
        *   Above these, in smaller characters, is ""復古學"" (Fukko Gaku in Japanese, or Fùgǔ Xué in Chinese), meaning ""Retro Study"" or ""Retro Style Studies.""
        *   This textual element is crucial, directly linking the subject to themes of tradition, retro style, and cultural appreciation.
*   **Visible Accessories:**
    *   **Earring:** A single, striking, gold-toned (likely brass or alloy) circular hoop earring in her left ear. It features an intricate, almost filigree or cutout pattern, suggesting a handcrafted or vintage piece.
    *   **Strap:** A slim, dark red strap (likely from a shoulder bag) is visible over her left shoulder, adding a subtle pop of color and hinting at her being on the move.

**Precise Colors, Materials, Textures, and Finishes:**
*   **Subject's Hair:** Salt-and-pepper grey, pulled back loosely, showing natural texture and wisps around the face, indicating authenticity and minimal styling.
*   **Subject's Skin:** Deeply lined with the wisdom of age, showing warm, sun-kissed undertones and natural age spots. The texture is soft, organic, and highly expressive.
*   **T-shirt:** A washed-out, muted grey-green color, suggesting a soft, well-worn cotton or cotton-blend fabric. The texture appears soft and slightly faded, indicating comfort and a casual, relaxed fit. The print (Kanji) has a slightly distressed, matte finish, blending seamlessly with the fabric.
*   **Jeans:** Classic dark blue denim, with a relaxed, straight-leg cut. The material appears soft, well-broken-in, and comfortable, devoid of heavy distressing or sharp creases.
*   **Tattoos:** Extensive black ink tattoos cover both forearms and are visible on her neck, extending up towards her ear. The designs are intricate, featuring flowing, organic motifs (possibly floral, abstract, or traditional Asian patterns). The ink has a matte, aged finish, sitting naturally on the skin. The lines appear well-defined, suggesting high-quality craftsmanship, softened by the natural aging of the skin.
*   **Earring:** Metallic gold/brass, with a polished yet slightly antique finish, and a distinct openwork or etched texture.

**Detailed Shape, Size Proportions, and Design Elements:**
*   **Figure:** The subject is an elderly woman of lean build and average height, standing upright with a slightly relaxed posture, hands casually tucked into her front jean pockets.
*   **Overall Silhouette:** Comfortable, unrestrictive, and authentic. The loose T-shirt and relaxed jeans create a timeless, effortless silhouette.
*   **Design Elements:**
    *   The striking contrast between her visible signs of age (wrinkles, grey hair) and the bold, extensive tattoos creates a powerful and unique visual narrative.
    *   The choice of casual, comfortable clothing (T-shirt and jeans) further amplifies her approachable yet rebellious spirit.
    *   Her gaze, directed upwards and to the right, conveys a sense of contemplation, observation, or anticipation, adding depth and narrative to her persona.

**All Visible Features, Buttons, Parts, and Components:**
*   **Facial Features:** Prominent cheekbones, expressive eyes, a slight smile line around the mouth, distinct wrinkles on the forehead and around the eyes, suggesting a life well-lived.
*   **Clothing Details:** The round neck collar of the T-shirt, the short sleeves, the hem of the T-shirt (partially tucked into the jeans), and the front pockets of the jeans (where her hands are placed).
*   **Body Art:** The detailed patterns of the full sleeve tattoos on both arms and the neck tattoo that extends from beneath her ear down her neck.
*   **Accessories:** The single, decorative earring and the red bag strap.

**Quality Indicators and Craftsmanship Details:**
*   The tattoos demonstrate excellent craftsmanship, with intricate linework and composition that have stood the test of time, indicating a skilled artist.
*   The clothing, though simple, appears to be made from durable, comfortable materials, suggesting a preference for quality and longevity over fleeting trends.
*   The overall presentation is one of quiet confidence and authenticity, portraying a person comfortable in her own skin and choices, which speaks to a high ""quality of life"" narrative.

---

### MULTIPLE USE CASES & SCENARIOS:

This image, or the persona it represents, can be highly versatile for advertising:

1.  **Fashion & Apparel Industry (Age-Inclusive & Streetwear):**
    *   **Use Case:** Promoting comfortable, durable, and stylish casual wear (jeans, t-shirts, sneakers) for an older demographic that values self-expression. Can also be used for ""ageless fashion"" campaigns or for streetwear brands looking to appeal to a wider, more mature audience, challenging conventional age limits in fashion.
    *   **Scenario:** Advertisements in lifestyle magazines, online fashion editorials, social media campaigns targeting independent seniors or fashion-forward individuals of all ages.

2.  **Body Art & Tattoo Culture:**
    *   **Use Case:** Showcasing the beauty and longevity of tattoos, debunking stereotypes about tattoos and aging, or promoting tattoo artists specializing in traditional or intricate styles. It speaks to the idea that tattoos are a lifelong commitment and an evolving personal narrative.
    *   **Scenario:** Features in tattoo magazines, art exhibitions, documentary promotions, or advertisements for high-end tattoo studios emphasizing craftsmanship and lasting art.

3.  **Travel & Tourism (Cultural Immersion/Japan-focused):**
    *   **Use Case:** Advertising travel experiences that offer cultural immersion, off-the-beaten-path adventures, or a blend of traditional and modern Japan. The setting (train station) and the Japanese text on her shirt strongly evoke a Japanese context.
    *   **Scenario:** Travel brochures, websites for cultural tours, airline advertisements, or destination marketing campaigns for Japan or other East Asian countries highlighting authenticity and unique local encounters.

4.  **Health, Wellness & Senior Living:**
    *   **Use Case:** Promoting active and independent senior living, health products that support vitality and a fulfilling lifestyle, or retirement communities that encourage individual expression and engagement. It represents ""aging gracefully on your own terms.""
    *   **Scenario:** Advertisements for health supplements, fitness programs for seniors, luxury retirement communities, or financial planning services for a robust retirement.

5.  **Branding for ""Authenticity"" & ""Heritage"":**
    *   **Use Case:** For brands that emphasize heritage, craftsmanship, unique stories, or a blend of tradition and modernity (e.g., artisanal products, craft beverages, bespoke services). The ""Traditional Culture"" and ""Retro Study"" text on her shirt makes her an ideal ambassador.
    *   **Scenario:** Print ads for craft beer/sake, bespoke tailoring, traditional art supplies, or high-quality, durable consumer goods that stand the test of time.

6.  **Social Commentary & Diversity Campaigns:**
    *   **Use Case:** Advocating for age diversity, challenging societal norms around appearance, promoting individuality, or celebrating intergenerational appeal.
    *   **Scenario:** Public service announcements, campaigns for NGOs promoting inclusivity, or educational materials on cultural understanding and breaking stereotypes.

7.  **Art & Photography:**
    *   **Use Case:** As a subject for fine art photography, an exhibition piece, or a cover for a photography book exploring human stories or urban life.
    *   **Scenario:** Gallery show invitations, book covers, or online portfolios for photographers seeking to convey depth and narrative.

---

### LIFESTYLE INTEGRATION:

*   **How this product (persona) fits into daily routines:** This individual embodies a lifestyle of deliberate choice and comfort. She navigates urban environments, likely commutes, engages in cultural activities, and embraces personal style as part of her everyday existence. She suggests someone who makes time for personal reflection (her gaze), is independent, and active within her community.
*   **Social situations where it would be used:** Casual gatherings, art exhibitions, cultural festivals, urban exploration, local market visits, quiet moments in a café, or engaging with younger generations who admire her unique style.
*   **Activities and hobbies it complements:** Travel, photography, art appreciation, reading, creative pursuits (e.g., painting, calligraphy), gardening, social activism, or simply people-watching and enjoying urban life.
*   **Age groups and demographics who would benefit:**
    *   **Primary Target:** Older adults (50+) who are active, independent, culturally engaged, and defy traditional stereotypes of aging. Those who appreciate comfort, authenticity, and personal expression.
    *   **Secondary Target:** Younger generations (18-40) who admire unique style, appreciate cultural fusion, and value individuals who live life on their own terms. This includes artists, designers, travelers, and those interested in tattoo culture.
    *   **Demographics:** Urban dwellers, creatives, travelers, people interested in slow fashion, sustainable living, cultural heritage, and breaking societal norms.
*   **Lifestyle values it represents:**
    *   **Authenticity:** Living true to oneself, regardless of age or societal expectations.
    *   **Individuality:** Unique style and self-expression through body art and clothing choices.
    *   **Wisdom & Resilience:** The lines on her face speak to a rich life experience.
    *   **Independence & Freedom:** Her casual attire and confident stance suggest a self-reliant spirit.
    *   **Cultural Appreciation:** Explicitly stated on her shirt, reinforcing a connection to heritage.
    *   **Ageless Spirit:** Defying conventional notions of age, demonstrating vitality and style at any stage of life.
    *   **Comfort & Practicality:** Her clothing choices prioritize ease of movement and daily utility.

---

### TARGET CONTEXTS:

*   **Specific locations for product placement in ads:**
    *   **Digital:** Social media feeds (Instagram, Pinterest, TikTok - especially for #agelessstyle, #tattooedgrandma, #japantravel), lifestyle blogs, online magazines (fashion, travel, art), cultural institution websites, e-commerce sites selling vintage-inspired or sustainable fashion.
    *   **Print:** High-end fashion magazines (e.g., Vogue, W), travel publications (e.g., National Geographic Traveler, Condé Nast Traveler), art and culture magazines, retirement planning brochures, coffee table books on street photography.
    *   **Outdoor:** Billboards in vibrant urban districts, subway stations (like the setting), bus stops, airport terminals, and cultural centers.
*   **Complementary objects or tools that go with it:**
    *   A vintage film camera or a modern mirrorless camera (suggesting a hobbyist photographer).
    *   A well-designed, minimalist backpack or messenger bag made of canvas or leather.
    *   A pair of comfortable, stylish walking shoes or sneakers.
    *   A traditional Japanese fan, a book of poetry, or a sketchbook.
    *   A small, elegant thermos or reusable coffee cup.
    *   A traditional Japanese craft item (e.g., pottery, textile).
*   **Background settings that would enhance its appeal:**
    *   **Cultural:** Traditional Japanese gardens, temples, bustling street markets (e.g., Tsukiji Fish Market, Nishiki Market), a quiet tea house, or a local festival.
    *   **Urban:** Modern art galleries, minimalist architecture, vibrant street art murals, a busy crosswalk in Shibuya, or a serene park bench in a bustling city.
    *   **Natural:** A scenic viewpoint overlooking a city, a serene forest path, or by a calm body of water, to highlight her reflective side.
*   **Lighting conditions that show it best:**
    *   **Soft, natural daylight:** As depicted, this lighting beautifully highlights the textures of her skin, hair, and clothing, and adds a gentle, authentic feel. It emphasizes realism and everyday life.
    *   **Golden Hour:** Warm, low-angle light would enhance the rich tones of her skin, create beautiful highlights on her hair, and add a sense of nostalgia and serenity.
    *   **Subtle Backlighting:** To create a soft halo around her hair and emphasize her silhouette, adding a touch of ethereal beauty and wisdom.
    *   **Overcast, diffused light:** Ideal for showcasing the intricate details of her tattoos without harsh shadows, providing an even, consistent look.

This image, when leveraged correctly, can be a powerful tool for advertising, appealing to a broad audience by celebrating individuality, cultural richness, and the beauty of a life authentically lived."